red_0,Episode Length,Solved
1.489453125,15,True
1.4908593749999999,13,True
1.49015625,14,True
1.4908593749999999,13,True
1.489453125,15,True
1.4908593749999999,13,True
1.488046875,17,True
1.4908593749999999,13,True
1.4908593749999999,13,True
1.489453125,15,True
